"metadata_ESTCID","Freq","TotalLength"
"P002572","8","169230"
"T138709","15","1411984"
"T114528","9","97449"
"T025362","3","121816"
"T089429","17","48023"
"T147006","27","120655"
"T110923","20","466823"
"T103707","4","281433"
"T096063","5","120320"
"T122825","17","180449"
"T149856","6","30333"
"P002719","7","262257"
"T136238","11","1377131"
"N069122","10","266949"
"N019415","5","490905"
"T164247","4","67020"
"T119887","12","66066"
"T093953","14","104805"
"T109819","11","68755"
"T098546","11","122353"
"T074071","7","68828"
"T122410","8","65820"
"T146566","11","88644"
"N005403","27","42920"
"T136233","11","1377050"
"T091602","5","42998"
"T038577","7","42941"
"T136426","7","503166"
"T149856","16","43381"
"T033348","8","21637"
"T136425","5","485149"
"P000142","12","266352"
"T085261","30","1073417"
"T213495","7","267221"
"N005092","12","280483"
"T101913","6","85812"
"T099360","11","56129"
"T137068","5","71333"
"T007171","5","21577"
"T155207","5","168548"
"T100408","20","43824"
"T000854","5","31391"
"T119592","11","43564"
"T146819","35","124266"
"T221165","8","268545"
"T178720","6","90306"
"T147415","20","171940"
"P003413","14","343638"
"T091601","3","43806"
"T054399","16","119968"
"T154546","6","275789"
"T113007","23","68813"
"T069568","27","42683"
"T119887","14","65966"
"T121658","13","91297"
"T092832","4","30970"
"W030387","21","119192"
"T131033","4","77768"
"T138192","5","66738"
"T030412","5","16559"
"T177583","13","22286"
"T146035","15","67081"
"N042986","16","71542"
"T136428","5","484926"
"T130758","6","58951"
"P003413","6","264103"
"T022163","5","16726"
"T144643","8","43609"
"T213497","8","266871"
"N019013","5","66288"
"P002719","14","262257"
"T004761","6","38123"
"T072099","28","67988"
"T117623","11","67940"
"P003017","4","181447"
"N014368","7","85721"
"T122410","13","65976"
"T096373","3","4144"
"T121339","33","120738"
"T089918","11","85919"
"T177414","9","90531"
"T136891","7","22591"
"T102910","3","168597"
"N029780","5","116921"
"N035842","3","21762"
"W002925","13","66213"
"T154542","5","172488"
"T223549","4","10647"
"P002719","7","266379"
"T154545","4","237735"
"N034459","6","29315"
"T060637","4","65677"
"T147415","8","171936"
"T123963","30","42695"
"P006031","19","179832"
"T132173","6","170224"
"T074401","3","10846"
"T180973","4","88250"
"P006669","10","31977"
"T125368","6","32014"
"T138955","3","73547"
"T193720","9","122203"
"N040759","4","281403"
"N004626","23","126304"
"T101515","19","1051575"
"T089156","6","125305"
"T077044","10","65767"
"T130668","17","86122"
"N010808","10","44075"
"T110636","22","67832"
"T153498","31","85989"
"T081818","3","73928"
"T122356","4","76680"
"P002572","18","170648"
"T039714","31","479753"
"P002572","3","119419"
"T147035","10","1054010"
"N016941","12","285051"
"T186889","4","85821"
"T145979","14","76491"
"T138428","7","262484"
"T088910","6","121667"
"T098191","9","117295"
"T146872","19","86459"
"N015693","11","530092"
"T135919","13","88925"
"T135993","4","42941"
"T088907","9","89977"
"T073491","7","109849"
"N020132","14","197852"
"T097133","11","65702"
"T135777","10","88426"
"T135771","4","87477"
"T139624","3","93189"
"T177160","5","88540"
"T139580","5","116703"
"T137892","11","71665"
"T131649","4","70009"
"T098245","3","129523"
"T022183","90","102724"
"T112978","6","31541"
"T130263","4","66346"
"T130681","3","117056"
"P000142","7","170441"
"T110018","3","11160"
"T000853","3","16467"
"T178720","3","89021"
"T074466","8","53760"
"T107760","3","466585"
"T069876","25","66595"
"T180973","8","89056"
"T178984","12","167978"
"T165249","3","43031"
"T092494","16","42425"
"T095581","3","21849"
"T153168","7","22787"
"P002719","16","266401"
"P002927","6","116628"
"T099975","5","92987"
"T147315","7","66493"
"T137422","4","91835"
"T082477","17","124024"
"T060748","16","183097"
"N006481","6","90300"
"T117623","18","73851"
"P002032","4","81697"
"W003398","6","29924"
"N018930","7","23516"
"T173044","10","42826"
"N068545","7","85721"
"N050172","11","266281"
"T123876","5","70855"
"T063441","5","31979"
"T136487","4","73254"
"T178984","12","169356"
"T093938","11","95702"
"N051934","5","267928"
"T119887","6","68411"
"T213350","7","90885"
"T082477","9","138608"
"P002032","5","56591"
"N046082","3","29288"
"N009958","7","80449"
"T138245","7","183132"
"T136487","9","65905"
"T060036","13","48788"
"T178720","8","89234"
"T131072","6","22591"
"T114759","4","23191"
"T155206","4","46444"
"T213499","9","274168"
"T108299","9","92611"
"T091664","32","186082"
"T155206","3","171264"
"T146092","4","71033"
"T141387","4","67105"
"T084341","12","66312"
"T082477","12","179059"
"T091600","5","47330"
"T119092","11","88647"
"T213500","4","173953"
"T147314","8","66296"
"T180973","8","68391"
"T076992","43","42352"
"T154544","19","180979"
"N052538","11","171504"
"N050174","9","122702"
"T113111","23","43956"
"T145322","18","58578"
"T040178","9","68097"
"T074467","12","118888"
"T144725","12","175726"
"N001803","10","43858"
"T221644","6","73219"
"N069259","6","265303"
"T002314","6","70227"
"T200947","4","42156"
"T058712","7","62246"
"N005401","26","42784"
"T137827","3","45625"
"T069156","8","67777"
"T146040","17","67704"
"T147589","8","66479"
"T137068","12","85995"
"T092836","8","97854"
"P002344","4","118104"
"W015750","13","86729"
"T130902","6","148848"
"T131033","7","96906"
"N026163","6","43473"
"T091423","15","42730"
"T213493","8","267634"
"T144725","7","212531"
"T147235","5","171456"
"T136232","6","1398971"
"N012562","18","65950"
"T083247","10","78876"
"T175352","7","90775"
"T106170","5","61769"
"T098463","8","16796"
"T117548","6","66398"
"N003090","7","45967"
"N006260","12","76130"
"N005401","4","66288"
"T146710","14","75076"
"N003703","28","65791"
"T145753","7","86118"
"T135301","6","42760"
"T116459","25","118339"
"P002371","7","169267"
"T084976","8","31345"
"T175880","11","168667"
"T140606","7","131578"
"P000142","8","172234"
"T144725","13","175968"
"T162631","5","86924"
"T154477","11","51159"
"T098413","5","43096"
"T154546","9","297180"
"N035850","3","19084"
"T062912","4","10693"
"T083934","5","85958"
"T213508","11","266269"
"T200934","9","277372"
"T082477","7","171903"
"T143434","3","66566"
"N019006","19","65812"
"T117817","16","120692"
"P002248","17","342607"
"N003703","13","67299"
"T074466","12","119244"
"W010121","9","29738"
"T090453","21","360029"
"T176314","16","70443"
"N050178","7","137596"
"T079283","5","172574"
"T086695","5","67454"
"T093671","4","66788"
"W011720","22","129541"
"T130322","6","22591"
"T084445","6","42957"
"T140774","6","87077"
"T213002","7","90977"
"T136232","10","1377038"
"T213479","5","171605"
"N005404","36","66606"
"T093272","8","43688"
"T098546","5","92987"
"T085255","21","42725"
"T074467","7","56377"
"N003684","6","21595"
"T039424","14","43526"
"P006290","9","203300"
"N022025","14","84615"
"T176314","11","66985"
"T215073","6","86122"
"P000142","10","171929"
"T048412","12","20698"
"T090453","21","354666"
"T084639","28","42736"
"T177414","4","89051"
"T002895","6","43981"
"T090071","3","17376"
"T051788","4","12405"
"T185989","8","65832"
"T138954","4","73943"
"T028333","3","22467"
"T069569","30","42695"
"T063346","7","42427"
"T069213","6","118252"
"N009008","18","92914"
"N006553","10","66291"
"T088372","6","70546"
"T106560","23","1070562"
"T036567","38","95393"
"T136632","5","71593"
"T087008","24","67146"
"T139263","33","1054184"
"T078081","28","266210"
"T078360","10","170977"
"T175667","4","278945"
"T101742","6","474589"
"T107340","8","168003"
"T072764","34","168199"
"N017775","16","263651"
"T079287","16","387405"
"N021925","30","66823"
"T116646","11","16841"
"T079698","16","68771"
"N035909","4","117942"
"T140244","6","29280"
"T103540","18","73757"
"T094136","11","102738"
"T133187","13","29681"
"T082472","9","122840"
"T101902","9","88301"
"T116369","13","126937"
"T131972","14","119977"
"T144701","10","483192"
"T092688","11","65973"
"T048833","3","349905"
"T136148","19","371164"
"T122632","9","121798"
"T076205","20","66333"
"T052793","7","64093"
"T129337","29","86300"
"T130934","6","42312"
"T132842","39","694653"
"T082618","8","46118"
"T051484","17","72449"
"T064481","16","273133"
"T129036","10","42484"
"T142268","3","127685"
"T093947","31","127532"
"T091603","5","42998"
"T071860","15","103664"
"T121386","5","128176"
"T137899","5","67912"
"T145011","20","67991"
"T167536","8","342475"
"T120079","6","66206"
"T141264","4","94627"
"N007471","7","89760"
"T111545","9","66470"
"T133183","3","47314"
"T135893","13","692341"
"T111489","14","486849"
"T178997","7","118072"
"T100351","20","66146"
"N027602","6","68125"
"T147176","12","415488"
"T100246","3","57017"
"T078361","19","268474"
"T138966","17","265592"
"T098191","8","86404"
"T132187","10","90403"
"T100773","4","125535"
"N014213","5","5599"
"T039856","10","671271"
"T115342","13","7428"
"N000008","7","94197"
"T085241","8","16605"
"T167650","10","175957"
"T071462","6","66651"
"T095864","8","63923"
"T002894","15","177541"
"T071141","7","117899"
"N002106","20","66167"
"T122416","4","54065"
"T138965","13","263256"
"N017760","10","68483"
"T108586","13","42789"
"T123553","7","67781"
"T187129","18","117499"
"T072017","9","86054"
"T011442","10","68530"
"T125488","7","116637"
"T146091","4","71052"
"T131022","14","91212"
"T064482","26","167959"
"T110954","3","88206"
"T219377","8","1060873"
"T139581","3","133551"
"T114125","5","85662"
"T052793","3","65965"
"T121707","8","121138"
"T175878","9","42215"
"T119318","7","21479"
"T113545","6","44065"
"T136755","10","126156"
"T071736","3","308294"
"T129399","5","16745"
"T120079","5","65822"
"T095120","30","477304"
"T117027","5","262920"
"T133334","46","797961"
"T048432","9","86666"
"T107219","5","72998"
"T146872","13","86336"
"T146027","4","116838"
"T138430","39","534141"
"T062671","19","693907"
"T072764","16","167944"
"T066146","16","170250"
"T094798","22","86361"
"T079698","5","65850"
"T135892","13","692180"
"N015718","21","86414"
"T133607","15","263299"
"T139691","5","76258"
"T082909","12","91272"
"T070854","6","121287"
"T145978","18","140621"
"T125496","6","116579"
"T175667","19","269669"
"N017774","16","170570"
"T065396","6","117625"
"T110315","12","29711"
"T167533","8","169336"
"T121528","12","68305"
"T027032","4","65628"
"T144743","10","129966"
"T083947","32","66995"
"N016029","7","69175"
"T036370","19","125518"
"T099654","3","66295"
"T151984","6","58693"
"T079257","3","168914"
"N006364","4","67259"
"T137655","7","69774"
"T182326","7","91351"
"T083708","14","42035"
"T124554","54","471988"
"T101748","15","388638"
"T140791","10","117417"
"T082471","8","123239"
"T147176","17","542313"
"T128033","12","86661"
"T118928","9","67763"
"T078963","16","127252"
"T100670","4","87082"
"T072056","6","75639"
"T087009","13","66914"
"T129756","23","121720"
"T095862","6","66791"
"T036369","7","96793"
"T113765","10","66652"
"T146090","4","72965"
"T012210","11","191524"
"T101742","15","482075"
"T082469","19","167989"
"N020132","25","273201"
"T114817","9","49375"
"T074909","6","88823"
"T136381","6","87737"
"T106230","8","127910"
"T113577","6","116980"
"T116649","3","262596"
"T127398","3","43142"
"T098203","12","97301"
"T146727","8","67537"
"T138428","5","262340"
"T136181","42","169554"
"T183520","24","168979"
"T167520","9","72021"
"T083829","12","36725"
"N008499","9","117503"
"T131764","8","69165"
"N031500","9","117078"
"T043939","14","29845"
"T147035","10","1371843"
"N004626","9","92611"
"T113345","7","68457"
"N066478","3","71185"
"T111040","3","116884"
"T138709","19","1417180"
"T118734","15","42526"
"T088340","21","70985"
"T136427","5","484819"
"T083561","3","66928"
"T088713","23","685195"
"T039602","15","31034"
"T203251","7","67429"
"T117369","3","30259"
"N006811","6","120924"
"T064795","10","66404"
"T052772","4","42322"
"T083965","6","168391"
"T092855","3","66857"
"T107680","3","16736"
"T146566","11","88694"
"T067492","16","16517"
"T096432","7","21959"
"T088580","6","137202"
"N027890","16","102660"
"T089821","32","67929"
"T160141","3","123115"
"N002951","4","30095"
"N003705","25","85938"
"N019016","6","66276"
"T121151","19","109139"
"N050176","7","269054"
"T131033","9","76456"
"T147414","18","264160"
"T099975","14","122353"
"T123424","7","88549"
"P005964","9","118908"
"T129620","11","66312"
"T086695","9","69641"
"N002268","5","44507"
"N035479","20","1407616"
"W010125","8","29708"
"P002248","21","342975"
"T124301","29","43926"
"T175930","7","88633"
"T178720","8","90767"
"T058982","22","85918"
"T146092","3","72965"
"N019018","6","66316"
"T200935","8","172329"
"T096030","14","374566"
"P006125","9","67224"
"N006698","10","69019"
"T213387","6","91972"
"T083934","7","66690"
"P002248","26","263122"
"N016933","6","66624"
"T135434","8","87275"
"N025732","4","42337"
"T108299","24","126238"
"T155772","8","66964"
"T119489","3","33308"
"T181137","5","67590"
"T188569","6","96959"
"T102876","5","30232"
"T078973","8","118687"
"N018935","5","85751"
"N034123","7","30371"
"T146294","23","88272"
"T132173","4","168903"
"W020591","6","20659"
"T130902","6","184000"
"T136238","4","1398878"
"N023595","19","92707"
"T168077","5","43153"
"T074465","12","118876"
"N043113","16","89962"
"T070585","7","66239"
"T135264","13","118470"
"T127481","26","69475"
"T055926","16","42317"
"T178984","8","168028"
"P001892","18","46744"
"T131855","10","66461"
"N035847","3","21722"
"T033581","3","22258"
"T075733","7","48312"
"T149593","5","265304"
"N068545","9","88408"
"T130771","5","87987"
"T070503","3","76149"
"T125038","5","43184"
"T007170","11","67179"
"T082890","9","93918"
"T154266","4","269147"
"T050762","11","54327"
"T016273","3","10826"
"N014719","18","68251"
"T064316","5","62013"
"T118419","10","66291"
"T098966","20","160478"
"T210609","7","270490"
"T129397","32","66600"
"T086355","4","42399"
"T105642","18","67601"
"P006696","5","29250"
"T085447","3","35240"
"T165249","5","43344"
"T074465","7","56377"
"T065242","3","13403"
"N008911","3","66020"
"T213455","5","171617"
"T137107","24","67367"
"T119887","19","65985"
"T124301","5","66373"
"N017881","8","71152"
"T147415","6","89773"
"W036435","32","172041"
"T082477","12","122660"
"W020113","9","93026"
"T050903","14","67330"
"T078581","9","171165"
"T083072","3","66814"
"T147859","15","72719"
"P003137","10","118708"
"W020115","3","116776"
"T107697","3","22003"
"T087829","3","21632"
"P000142","9","170287"
"T140011","7","52654"
"T111234","5","45988"
"N067936","4","133006"
"T148518","17","71583"
"T146110","4","65797"
"T134594","11","193686"
"T113413","63","689830"
"N012984","9","65602"
"T175667","10","278912"
"T154641","8","67066"
"T072791","10","118241"
"T092655","4","66261"
"T094829","6","29274"
"T084211","8","90557"
"T138361","7","122223"
"T053749","4","29774"
"T077914","5","79445"
"T117615","7","102888"
"T048431","10","82072"
"T138966","8","169283"
"T138428","7","262583"
"T151984","10","118628"
"T129138","7","67435"
"T002896","13","118050"
"T037700","47","125815"
"T062060","16","87057"
"T069011","10","292812"
"T113288","8","129362"
"T035796","15","1048592"
"T092652","6","66021"
"T088607","4","43484"
"T146056","7","87824"
"T151984","7","70073"
"T062671","22","681357"
"T175667","15","279414"
"T055565","8","342655"
"T080865","7","86984"
"T122584","16","196716"
"N033437","5","205990"
"T078961","16","157105"
"T080489","4","179456"
"T082475","12","179239"
"T089160","7","67832"
"T121539","11","69551"
"N017036","9","182480"
"T070851","3","92345"
"T124114","22","1067683"
"T095949","26","265012"
"T062996","16","66823"
"T045610","5","154777"
"T090794","6","169925"
"T039853","39","473704"
"T089037","12","108148"
"T137637","17","91034"
"T131447","4","77112"
"T036370","9","96890"
"T151984","8","90677"
"T083681","3","180371"
"W013587","5","42961"
"T140532","5","65641"
"T138368","7","123085"
"T102228","6","65659"
"T147176","24","500707"
"T080491","5","95087"
"T082910","10","91044"
"N000735","16","42047"
"T072962","4","117626"
"T125494","38","690550"
"T025316","5","169187"
"N000008","30","124941"
"T113765","6","68107"
"T188376","18","42749"
"T135733","6","97504"
"T117050","11","119381"
"T098236","18","67042"
"N010532","72","1418701"
"T088338","4","109125"
"T167548","4","67470"
"W031339","7","68915"
"T110539","8","174876"
"T140243","9","31940"
"T136377","3","87943"
"T006289","19","68031"
"T110279","10","66470"
"T097889","11","87730"
"T063903","12","124723"
"T088316","3","16440"
"T073047","6","173839"
"T146108","5","85794"
"T110014","21","284022"
"T144420","14","152420"
"T137895","8","72025"
"T088946","8","88675"
"T083506","13","268315"
"T074647","6","71568"
"T063188","3","30686"
"T143262","14","119557"
"T110292","4","30442"
"N039656","13","212630"
"T081135","5","86084"
"T069834","4","30581"
"T113288","11","87711"
"T123299","6","70972"
"N003977","4","49767"
"T093539","12","42949"
"T130703","8","88588"
"T061698","15","174956"
"T138965","13","167862"
"N008931","4","125456"
"T100109","10","66828"
"T133957","9","181085"
"T135734","6","77255"
"N005260","14","121196"
"N016941","30","364837"
"T118921","12","67074"
"T148503","7","127323"
"T120079","6","66122"
"T002892","16","86057"
"T138159","3","85825"
"T036569","28","90061"
"T036370","9","138788"
"T082469","10","203125"
"T110905","4","117920"
"T150219","14","88983"
"T133336","35","711862"
"T077047","4","169363"
"N030899","14","171683"
"T119511","14","264614"
"T068979","14","197278"
"T146026","3","85789"
"T055322","6","116775"
"T146079","5","85908"
"T107370","5","67756"
"T079698","9","91839"
"T068986","24","381183"
"T146990","12","29333"
"T123903","7","102874"
"T139683","7","172649"
"T070855","3","119589"
"T171036","4","42623"
"N033357","5","89842"
"T137332","42","517792"
"T036369","6","203821"
"N014922","4","85825"
"W019890","29","86473"
"N026289","4","87928"
"T150272","27","109961"
"T145183","14","483484"
"T146111","3","65664"
"T060052","8","29318"
"T053594","16","117241"
"T131579","48","1093564"
"T083251","11","87814"
"T146090","4","71014"
"T072791","6","104360"
"T056853","8","22096"
"T021818","9","478569"
"T079258","5","179000"
"T081137","12","129240"
"T070852","6","124249"
"T106339","18","263492"
"T082473","6","172549"
"N027735","8","89285"
"N008500","10","122645"
"T082138","8","116870"
"T133335","22","1073970"
"T060562","3","68016"
"N003593","4","59876"
"T060417","19","178860"
"T134343","9","30103"
"T153498","3","86058"
"T106302","17","128640"
"N033081","4","167999"
"T117278","3","34335"
"T134027","9","30115"
"T131649","8","66675"
"T087978","27","1070257"
"T126263","4","96668"
"T082472","11","122640"
"T126201","3","169172"
"T091352","7","118770"
"T134280","9","66799"
"T091437","12","473918"
"T202828","25","1108967"
"T138425","11","97163"
"T140789","14","736932"
"T095447","7","87924"
"T125253","3","47684"
"T137515","11","845425"
"T086569","4","59451"
"T089919","11","85919"
"T121542","13","71901"
"T225835","81","727244"
"T146112","6","85761"
"T114022","6","68802"
"T078964","28","102314"
"T136233","9","1398971"
"P002572","3","344471"
"T097978","11","90385"
"T194997","12","141414"
"T061564","8","42353"
"T121090","5","68133"
"T138215","18","713329"
"T128600","6","67902"
"T124425","10","29533"
"T128699","10","66881"
"T143097","27","1369766"
"T195034","14","167949"
"T195052","7","262904"
"T213420","10","272117"
"T132960","15","473855"
"T137825","33","66259"
"T133139","9","273919"
"T214053","6","262911"
"T052756","12","107517"
"T000616","5","68621"
"N024105","10","96123"
"T097951","4","89233"
"T039480","20","36660"
"T126193","6","29169"
"T138488","6","116758"
"T089052","8","142892"
"T213341","17","279672"
"T052807","9","89895"
"T131837","4","272203"
"T145358","13","672373"
"W031873","18","672117"
"T082475","10","123058"
"T082472","9","138617"
"T083702","17","42064"
"T082468","10","90421"
"T056598","10","42239"
"N036333","3","31557"
"T088440","4","42426"
"T097931","5","124605"
"P002922","7","86573"
"T168927","8","266432"
"W031873","12","345043"
"W031873","22","473722"
"T213305","10","282693"
"T155730","8","90763"
"T052756","12","87690"
"T213356","15","274192"
"T079697","25","153991"
"T063904","15","156221"
"T138966","11","169281"
"T132116","6","67530"
"T111487","19","279330"
"T064482","8","128479"
"T069144","11","471410"
"T055302","5","116619"
"T121786","4","117049"
"T060987","4","44480"
"T036370","12","122953"
"T002893","9","117190"
"T117521","6","168661"
"N008500","6","96789"
"T145011","7","67452"
"T137825","7","65727"
"T143096","27","1048876"
"T055928","4","44095"
"T213468","9","278251"
"T145358","11","1217091"
"T131833","12","270418"
"T128782","19","22466"
"T173039","14","65797"
"T145358","19","671616"
"T052746","5","43495"
"P006382","19","264441"
"T052756","36","86553"
"N024115","3","90513"
"T051600","9","88059"
"T108739","7","88278"
"W037815","13","90397"
"N024118","7","69183"
"T213203","11","192817"
"P001858","19","66255"
"P006382","22","264210"
"T045219","10","66214"
"N024117","6","90531"
"T078242","5","30094"
"W031873","19","342648"
"T137825","10","76140"
"T195053","27","345561"
"T088108","16","466151"
"T079287","7","361065"
"T066875","5","22609"
"T126681","13","96208"
"T057309","6","65659"
"T093697","16","189911"
"T151984","7","73308"
"T071223","5","42027"
"T114797","14","117967"
"T120079","5","65803"
"T114755","7","66645"
"T071467","4","117617"
"T167543","10","179309"
"N028659","5","42979"
"T064484","16","168390"
"T110295","7","67500"
"T146089","4","71014"
"T098542","4","89233"
"T145358","25","671717"
"T123563","11","68905"
"T036451","4","44875"
"W029435","26","66614"
"T052743","24","136935"
"P003101","14","264292"
"T144145","15","173610"
"T125192","14","71191"
"T152804","4","90590"
"T055317","6","116601"
"T113095","12","96637"
"T068980","30","297314"
"T110650","3","11004"
"T123902","12","119598"
"T071484","5","138015"
"T138198","3","116739"
"T139678","20","176026"
"T045492","8","66801"
"T113989","5","491543"
"T110013","8","39773"
"T055361","7","116828"
"T110211","13","67122"
"T117162","6","71997"
"T080889","26","65812"
"T137308","6","86481"
"T114217","4","94532"
"T084211","33","93932"
"N017944","7","85889"
"T083920","15","42549"
"T100651","9","82442"
"T081135","6","86183"
"T071732","5","307918"
"T146091","4","71034"
"N047186","12","29692"
"T106655","8","116588"
"T137626","8","85775"
"T087090","7","263857"
"T075732","4","52647"
"T076206","19","86253"
"T127510","9","128128"
"T079696","31","206549"
"T194929","15","342656"
"T145357","9","671904"
"T128852","10","69021"
"T212949","8","268470"
"T005438","14","68043"
"T099998","5","127555"
"T092979","9","67046"
"T213461","11","265798"
"T195053","16","344050"
"T210634","4","173947"
"T168926","11","266452"
"T033489","17","87447"
"P006382","26","264147"
"P001858","8","74902"
"W020470","13","42575"
"N024115","7","91517"
"P003101","4","295633"
"T137661","4","131915"
"P006448","5","122649"
"T139691","10","87763"
"T143531","13","108920"
"T138215","13","1087509"
"T142268","3","116745"
"T119363","9","86816"
"T139263","25","1066172"
"T138428","15","262420"
"T070981","9","30540"
"T113805","10","68992"
"T181132","6","91351"
"T167543","11","122959"
"T036568","38","95392"
"T082471","5","173228"
"T081841","32","364920"
"N008919","8","86001"
"T126195","4","66680"
"T085828","8","67624"
"W029556","16","67129"
"T120783","6","65683"
"T122786","14","42549"
"T138369","8","122716"
"N013837","13","87246"
"T220639","28","1086234"
"T113545","4","42941"
"T118337","10","467659"
"N008383","3","71033"
"T097132","8","69829"
"N005096","25","677781"
"T114016","12","1091056"
"T117367","4","42326"
"T133335","33","711937"
"T136001","11","43961"
"T087041","14","682147"
"N034442","15","68004"
"T053586","17","117068"
"N008500","7","138614"
"N008498","9","97165"
"T093947","5","101939"
"T089048","4","87299"
"T163586","17","271470"
"N012671","9","16531"
"T146458","4","85669"
"N009057","7","149695"
"T117249","6","77098"
"T065251","4","42484"
"T224729","9","69182"
"T141065","4","37972"
"T064484","12","128787"
"T129107","15","91191"
"T064482","17","167885"
"T085253","16","42090"
"T053588","14","120681"
"T080890","37","169535"
"T138428","10","262318"
"T100081","12","384506"
"T110204","4","29526"
"T146088","4","71052"
"T136888","11","68389"
"T063082","5","85647"
"N033199","9","117631"
"T110423","9","118650"
"T121089","11","65991"
"T088371","10","66247"
"T078366","14","87130"
"T146093","4","91099"
"T061699","12","182450"
"T113379","3","13260"
"T107384","11","116641"
"T134320","23","86350"
"T082469","13","168997"
"T130369","13","118763"
"T084211","7","91534"
"T140681","5","33432"
"T127102","8","133691"
"T110639","3","21079"
"T111489","23","466628"
"T002893","5","119543"
"T099654","12","65905"
"N007595","16","148536"
"N032612","5","66290"
"T110903","19","117992"
"T148503","8","127905"
"T098288","10","168556"
"T087079","8","169014"
"T121441","20","125305"
"T123495","12","189296"
"T078366","16","89452"
"T144496","21","116913"
"T091437","10","474896"
"T016530","4","66708"
"T098203","8","129693"
"N016942","7","71490"
"T130811","14","67447"
"T106800","4","65890"
"T125960","9","196602"
"T083878","5","85682"
"N047266","16","89117"
"T079373","3","33309"
"T093697","8","194245"
"T097889","8","87972"
"T135919","8","88529"
"T115212","5","272303"
"T082468","10","88001"
"T140574","5","68939"
"T111967","3","116877"
"T103178","10","88822"
"T097132","11","65747"
"T107382","9","167941"
"T078364","24","265167"
"T078976","8","118934"
"T097875","11","117621"
"T160137","3","122884"
"N000008","5","91804"
"T133144","4","29540"
"T078364","20","265153"
"T131979","7","104906"
"T077044","9","65718"
"T114188","8","127323"
"T111517","11","168600"
"T117158","4","83360"
"T185512","20","66511"
"T082471","15","121596"
"T077044","13","65648"
"T055361","12","117275"
"T132822","9","53823"
"N028783","8","65896"
"T113833","4","75040"
"T138198","4","116713"
"T039853","40","745537"
"T036369","20","117283"
"T145493","7","283735"
"N033055","18","148556"
"T063911","13","120096"
"T106837","6","67622"
"T144513","12","96186"
"T226210","3","265045"
"T097941","7","88872"
"T150273","28","109204"
"T144731","9","86133"
"T037701","20","73349"
"T068988","29","489227"
"T082473","8","96885"
"T085429","9","66972"
"T134590","12","193717"
"T161133","16","392030"
"N007869","7","681603"
"T187076","10","168758"
"T129843","19","278799"
"T154641","9","66755"
"T201254","5","69739"
"T130743","22","116992"
"T121529","12","131368"
"T048431","7","66152"
"T063924","6","86336"
"T114188","10","117647"
"T134279","8","74025"
"T083973","17","42051"
"T132611","4","22616"
"T078971","8","118656"
"T120723","8","30594"
"T137897","5","67924"
"T114484","3","275424"
"T146872","20","66530"
"T064481","28","262285"
"T101742","11","477857"
"T110011","22","1069234"
"N027602","9","45139"
"T129753","8","44805"
"T114880","28","263342"
"T048430","10","86441"
"T113765","5","67136"
"T117626","3","121584"
"T083847","11","65921"
"T093598","5","42774"
"T144147","12","172708"
"T097895","35","1081264"
"T147766","10","21503"
"T078927","28","266586"
"T144799","6","43761"
"N008499","18","117287"
"T085253","7","29231"
"T094802","21","116950"
"T082481","12","171755"
"T113417","3","121630"
"T135996","4","43859"
"N035792","10","43955"
"T117050","5","104322"
"T113903","9","122599"
"T146576","17","85878"
"T077044","17","85700"
"T063950","6","65780"
"T056430","14","103209"
"T121530","11","72741"
"T149775","9","486912"
"N010379","6","69210"
"T092856","4","66897"
"T088188","5","58328"
"T087008","13","66690"
"T144124","14","121943"
"T072961","4","88773"
"T121089","25","67742"
"T076207","18","66255"
"T138369","10","119623"
"T082476","8","146344"
"T077044","4","65655"
"T088108","27","466151"
"T110656","7","77353"
"T056039","6","481572"
"N027048","18","359685"
"T098604","16","168826"
"T111487","12","176239"
"T087891","10","177995"
"T078356","20","234502"
"T138966","8","264136"
"N015693","14","716054"
"T136003","10","43543"
"T088108","8","466206"
"T146105","5","67494"
"N008884","8","122000"
"T097998","11","67190"
"T035796","15","1048868"
"T117354","5","364642"
"T066307","6","71745"
"T139262","31","1048750"
"T125191","9","89802"
"T082475","6","172534"
"T136631","7","70419"
"T091569","9","124652"
"T083705","10","42148"
"N045700","10","120539"
"N017729","9","168275"
"T078365","11","308844"
"T055321","7","116835"
"T082469","11","168551"
"T069012","6","396735"
"T115796","3","354949"
"T068982","43","344803"
"T121662","10","88021"
"T107793","16","42047"
"T154461","6","66936"
"T110273","10","120661"
"T130223","9","43002"
"T006287","18","67730"
"N015692","8","488585"
"T116390","5","116828"
"T125367","25","117650"
"T124073","16","86841"
"T132301","3","66990"
"T122326","5","171777"
"N008884","16","184877"
"T099652","11","66244"
"T109302","6","116620"
"T081841","12","285380"
"T133607","13","304486"
"T138155","46","512971"
"T186127","10","129200"
"T080489","8","178364"
"T120079","4","65812"
"T180214","4","42733"
"T148544","9","124952"
"T079691","4","118052"
"T187076","8","151821"
"N008499","11","117974"
"T036310","13","88144"
"T048432","6","66057"
"T129153","13","89805"
"T113577","8","116964"
"T066952","18","70035"
"N007471","7","96385"
"T135878","12","189926"
"T145011","7","68381"
"T040194","7","67437"
"T055305","6","117027"
"T133957","11","173584"
"T064483","6","122024"
"T036370","10","122920"
"T083506","37","178660"
"T070853","4","121194"
"T130820","18","88891"
"T151984","4","86719"
"T065482","31","168923"
"T138488","3","127767"
"T077044","7","65724"
"T091210","4","29525"
"T176502","11","69890"
"T093173","15","343213"
"T102251","8","139398"
"T068979","23","168749"
"T076192","16","85843"
"N017500","4","348516"
"T107088","3","69390"
"N035792","10","43822"
"T175105","4","32047"
"N008498","14","168947"
"T064484","14","168340"
"T125496","7","127486"
"T082471","10","179439"
"T048433","18","133389"
"T131050","6","33561"
"T052639","5","92720"
"T122524","10","186177"
"T051608","13","134091"
"T006290","20","66758"
"T137637","11","108616"
"T103540","10","67606"
"W020591","6","19234"
"W029504","10","124006"
"T072016","11","85942"
"T097665","18","87164"
"T083704","12","42071"
"T079691","16","119580"
"T149305","19","119582"
"N008498","8","169516"
"T138428","15","262267"
"T125488","10","127532"
"N008498","10","255503"
"N010153","12","119661"
"T113577","23","133226"
"N000521","3","116792"
"T088769","6","74307"
"W031342","4","132361"
"T139922","11","140039"
"T094801","33","117671"
"T140776","8","279102"
"T097875","5","86965"
"T149699","31","283964"
"T121703","7","167875"
"T117354","9","273343"
"T122632","6","119298"
"T082475","8","133676"
"T160065","12","86366"
"T111487","10","203621"
"T147986","5","98749"
"N008498","9","168626"
"T143974","14","67299"
"T113906","7","88975"
"T147176","11","562413"
"T080490","4","102125"
"T146101","3","73420"
"N013987","33","179119"
"N027048","31","342732"
"T026161","7","23329"
"T137632","9","71908"
"T125494","20","685957"
"N013716","4","16860"
"N011030","4","73832"
"T178997","8","198175"
"T144496","24","121957"
"T130820","12","95052"
"N012258","4","122092"
"T084447","13","68638"
"T187076","10","168158"
"T130253","12","268424"
"T164058","6","41990"
"T153211","15","29662"
"T146361","4","44510"
"T077044","19","65756"
"T222933","9","69085"
"T089920","3","89974"
"T105716","9","51535"
"T117613","6","42090"
"T143531","13","91278"
"T134280","5","87687"
"T135777","12","87658"
"T116665","9","85770"
"N013987","9","269389"
"T109223","14","86404"
"T113413","47","676295"
"T082476","6","172242"
"T082469","13","168648"
"T138361","8","118642"
"T086916","8","116867"
"T071464","5","86709"
"T130949","4","169195"
"T087041","13","700392"
"T083846","12","65882"
"T138915","9","87042"
"T146709","4","30042"
"T118518","15","86661"
"T087879","7","135169"
"T147374","10","66804"
"T127047","8","161964"
"T082473","11","122846"
"T190261","4","85829"
"T107625","9","85825"
"N017441","9","71452"
"N005082","17","688743"
"W020737","11","86120"
"T094798","13","86389"
"T086916","9","116674"
"T095826","17","42243"
"T142236","7","87163"
"T082476","11","122689"
"N008383","4","71014"
"T146872","11","66634"
"T090429","10","66477"
"N021793","7","42377"
"T077044","12","65767"
"T112492","6","137202"
"T078366","5","87080"
"T154466","8","262257"
"T108852","4","66818"
"N031500","19","86742"
"T084016","7","21937"
"T147374","8","66829"
"T122426","5","66383"
"N020640","11","86504"
"N017828","8","118125"
"T110585","4","133325"
"T145966","4","92116"
"N012984","19","69708"
"T078966","30","102320"
"T117774","14","66462"
"N006026","6","123332"
"N008849","9","68248"
"T080892","13","67270"
"T113974","5","478526"
"T123007","5","68757"
"T102251","3","118641"
"T077044","14","65718"
"T087469","5","85672"
"N017553","4","71014"
"T067772","10","89354"
"T082170","14","103647"
"T064483","16","116626"
"T146872","10","66643"
"T082476","18","125499"
"T138966","13","264936"
"T094803","21","117006"
"T175667","5","278897"
"T136380","6","118683"
"T113918","11","699779"
"T122586","16","201331"
"N008033","11","195541"
"T135989","3","43509"
"T055719","5","43234"
"T138674","11","95668"
"T085365","12","87507"
"T223024","5","121807"
"T053399","5","177847"
"T013529","5","21615"
"T090053","5","190582"
"T120079","7","65862"
"N006776","6","168541"
"T088374","6","66904"
"T078969","16","148469"
"T137308","8","121096"
"T031684","8","147865"
"T146062","6","67921"
"T066146","9","180054"
"T078362","14","170974"
"N025386","7","43490"
"T068989","41","517822"
"N007592","7","139305"
"T055320","8","168004"
"T025331","4","119399"
"T083971","15","42186"
"T090018","4","168361"
"T145979","8","86223"
"T107371","6","65930"
"T120079","3","66228"
"T083140","18","264145"
"T120512","3","120896"
"N029949","20","279632"
"T088108","9","289781"
"T088712","20","686112"
"N014917","4","116822"
"T202126","7","117037"
"T099924","14","169844"
"T134279","6","87191"
"T141108","10","170790"
"T082475","17","125503"
"T098191","6","119003"
"N017036","11","173414"
"T072787","35","176412"
"N001850","3","70380"
"T053587","17","120858"
"T181131","6","91375"
"T078972","9","118692"
"T123903","5","97429"
"N025383","12","43316"
"T137889","5","67096"
"T105503","4","168142"
"N027892","12","180280"
"T145951","7","169248"
"T125475","6","116704"
"T121172","3","87342"
"T121714","35","117664"
"T047474","16","119024"
"T078965","28","102135"
"T144686","6","118385"
"T114211","8","121510"
"T110655","9","120787"
"N018351","11","86714"
"N000246","4","42711"
"T126195","5","66510"
"T082468","5","108866"
"T088527","18","125305"
"T114188","5","133241"
"W020546","4","128100"
"T046774","6","29220"
"T091432","20","67508"
"T142050","14","102219"
"T136976","10","86517"
"T160065","15","117041"
"T138428","18","262420"
"T051605","16","71090"
"N020640","21","86380"
"N007592","13","170195"
"T082471","12","123039"
"T107384","8","116649"
"N008549","6","44120"
"T213344","8","268436"
"T177671","12","264092"
"T052756","8","76200"
"T138972","7","102768"
"N010273","16","1051874"
"N010273","7","687842"
"W031873","13","263829"
"T128978","11","1053371"
"W032077","7","67642"
"T195053","29","344509"
"T155730","8","89237"
"W031873","18","671354"
"T055286","18","120921"
"T143096","28","1048876"
"T212970","8","274192"
"T052743","21","118052"
"T128564","3","44544"
"W031873","17","342844"
"W031873","21","671848"
"T097948","4","90095"
"T138748","7","128611"
"T182767","75","1435293"
"T087500","12","676058"
"T077702","5","70499"
"N024149","6","263208"
"T139835","4","22345"
"N018662","13","68009"
"T118925","6","65659"
"N000827","4","73241"
"T188521","9","86350"
"T090673","24","1059174"
"T059488","10","96679"
"T087974","16","488796"
"N025878","5","86776"
"T212950","15","675496"
"T126587","6","92730"
"T107376","8","172372"
"N049673","24","294275"
"N034005","4","66640"
"T069142","4","65632"
"T079285","10","171165"
"N031130","7","67286"
"N068894","6","65847"
"N031194","6","86956"
"T143096","41","1048876"
"T128852","16","67647"
"P003308","29","476629"
"W031873","6","342512"
"P003078","28","285625"
"T135707","8","1398924"
"T154267","5","270622"
"T076193","6","42938"
"T094584","3","67874"
"T052746","16","67018"
"T133136","8","272180"
"T052807","8","70775"
"P003388","5","473096"
"T214047","10","263138"
"T085448","3","35252"
"T213469","7","283999"
"T088608","3","68759"
"T153992","21","275192"
"N061349","9","66082"
"T052742","5","117686"
"T124742","7","66633"
"T101201","7","1051497"
"T225580","11","42263"
"T036439","6","43291"
"N024154","6","89747"
"N032681","8","50434"
"T052773","6","68516"
"W029721","11","29587"
"T213304","11","192570"
"T079697","7","173098"
"W031873","10","675340"
"T143097","31","1369766"
"P006308","12","85916"
"T155730","6","90505"
"T097948","6","92170"
"P003101","5","213419"
"T212957","7","278906"
"T128581","24","284448"
"P006064","19","265158"
"N024148","4","89277"
"T212957","8","269717"
"N024105","6","90886"
"T167699","4","85948"
"T052743","5","118723"
"N018069","4","53545"
"N025533","7","65776"
"W029722","16","66590"
"T121561","4","67333"
"T213420","8","266764"
"T067292","3","43304"
"T101912","9","85804"
"N024105","8","89696"
"T013274","12","66419"
"T120865","22","117702"
"N013954","9","43082"
"P006382","10","264233"
"T212965","10","271100"
"T098545","6","90775"
"T137893","24","136511"
"T135707","10","1377131"
"T052743","9","120758"
"T213354","7","277396"
"T128868","7","88444"
"N024133","3","91059"
"T143097","19","1165361"
"W028678","10","67168"
"T098545","7","89233"
"P006382","15","344785"
"T128323","8","42710"
"W031873","10","342574"
"T098189","20","42295"
"T137893","15","88252"
"T115120","30","319405"
"T069883","26","67289"
"T074215","6","89980"
"T079258","8","179000"
"T090429","24","69462"
"T082472","13","179040"
"T065433","5","585830"
"T085262","25","1073527"
"T125495","9","124200"
"T160139","3","122443"
"T144732","12","90517"
"T078357","19","238186"
"T125466","7","73773"
"T094800","20","86377"
"T055318","7","116735"
"T006286","16","68933"
"T116417","11","264691"
"T121823","6","149750"
"N004086","12","96697"
"N021986","5","117636"
"T114404","9","695395"
"T078970","5","118989"
"T087041","12","680335"
"T196526","7","69424"
"T121857","13","126937"
"T113545","3","44543"
"T066146","18","172104"
"T144146","11","176210"
"T146106","4","67500"
"T163523","11","68896"
"T085773","6","20624"
"T072016","22","69701"
"T187129","8","86035"
"T077044","5","65896"
"T117065","4","127342"
"T145138","3","125918"
"T097715","4","274625"
"T134280","5","77241"
"T084319","17","42119"
"T055301","4","343612"
"T036369","12","121602"
"T071734","9","345961"
"T071211","4","42081"
"T114649","7","343265"
"N010532","78","1374060"
"T138368","8","118961"
"T137514","5","1099105"
"T147168","7","71287"
"T100081","5","284163"
"T089371","4","70169"
"T073046","7","92600"
"T107384","8","116661"
"T082139","10","116721"
"T120079","6","65890"
"T105295","12","70794"
"T099657","4","42205"
"T092815","9","64054"
"N029529","3","87358"
"T135992","8","43490"
"T081038","16","89082"
"T122415","4","473617"
"T146025","4","85942"
"T076664","10","271745"
"T142268","5","116699"
"T091201","7","123466"
"T036369","9","119681"
"T088108","14","466203"
"T092853","4","66822"
"T082468","12","96557"
"T220641","35","711937"
"T149791","5","118748"
"T082472","17","125518"
"T002913","6","92757"
"T132187","11","86732"
"T113095","10","87309"
"T083970","17","42186"
"T145978","12","170414"
"T138198","4","127911"
"T100648","3","32050"
"N017037","4","121860"
"T078359","20","267568"
"W037186","5","73124"
"T117946","7","30570"
"T051605","12","68274"
"T033039","6","7981"
"N008547","9","117191"
"T121465","9","128998"
"T072017","21","70973"
"T120079","9","65959"
"T121703","12","167871"
"N007472","8","117553"
"N027892","12","170547"
"T119034","5","65732"
"T055307","7","116600"
"T149791","6","118265"
"T146088","4","71014"
"T006288","12","69302"
"T082377","3","122533"
"T139262","21","1048759"
"N008499","10","168561"
"T214059","9","343159"
"T122632","6","119313"
"T075304","17","86229"
"T143106","5","175328"
"T125479","7","116704"
"T123803","9","67250"
"T146458","6","85749"
"T048434","14","169084"
"T080892","19","85865"
"N008545","8","349088"
"T088530","20","125317"
"T096847","8","42146"
"T026159","7","30938"
"T082468","7","93305"
"T147664","4","90558"
"T036378","9","121378"
"T102206","9","88857"
"T075303","18","86350"
"T064483","17","116641"
"T097843","20","475868"
"T110354","14","43142"
"T114321","5","33305"
"T110139","3","42333"
"T122142","13","69068"
"T078978","9","350250"
"T146109","5","68305"
"T070852","3","93776"
"T127672","8","86665"
"T130751","3","34857"
"T146089","4","71033"
"T225836","30","265863"
"T106655","8","116588"
"T130755","8","173418"
"T119959","9","170684"
"T109880","8","21756"
"T089448","7","29193"
"T138966","10","264136"
"T090792","4","117087"
"T114755","5","66805"
"T101304","11","95935"
"N008500","16","125499"
"T048430","6","65927"
"N027893","10","69720"
"T064464","16","43142"
"T080849","11","269026"
"T178997","7","118694"
"T088881","3","90694"
"N007475","8","116600"
"T133336","29","1069717"
"N003974","5","30529"
"T050477","6","675817"
"T125479","7","127392"
"T107371","7","76370"
"T066943","10","43391"
"T083918","18","50131"
"T043939","4","29730"
"T145685","76","1097415"
"T195871","13","676610"
"N013940","3","16873"
"N009472","14","118271"
"N031139","14","151420"
"T087975","18","488784"
"T055352","8","67678"
"N003985","3","67126"
"T052750","9","88078"
"T059474","5","96606"
"N029087","12","673877"
"T090535","26","265157"
"N021230","3","7289"
"N016879","7","42782"
"T090671","35","1114204"
"N032762","8","65635"
"N018249","4","66771"
"T186924","9","87605"
"T090673","29","1114235"
"N029225","3","42426"
"T132380","11","139120"
"N025900","4","116612"
"T223327","10","88476"
"N032756","5","69781"
"T052742","14","119682"
"N015773","6","73837"
"T118143","6","188878"
"N061342","9","29463"
"T089167","7","66464"
"T059485","17","354888"
"N031140","7","66603"
"N000041","12","34662"
"T076280","7","65620"
"N013637","16","66422"
"T168396","18","66393"
"N006462","9","66973"
"N025878","8","30334"
"N025533","4","72932"
"T090671","30","1072363"
"N031139","5","118034"
"T052742","7","96514"
"T114405","5","499036"
"N024149","7","66207"
"T059492","9","96618"
"T136387","6","170563"
"N031193","5","86700"
"T186602","13","687292"
"N000827","9","65875"
"T141591","5","42626"
"T087497","13","675532"
"T090858","7","168321"
"T137813","7","87619"
"N013497","16","93418"
"N017382","28","119680"
"N005887","5","86104"
"T106836","6","67607"
"T129214","12","28765"
"T137826","6","72962"
"N017626","10","29398"
"N031140","18","124297"
"N023544","5","29946"
"N009010","16","92856"
"T073530","11","43747"
"N025878","24","86377"
"T052751","6","66357"
"T144425","14","139523"
"T059478","6","76447"
"T136386","6","87699"
"N005434","5","86551"
"T117528","11","119047"
"T039470","8","66321"
"T105852","9","87506"
"T132304","4","65713"
"T065520","3","119266"
"T052751","11","46414"
"N025533","34","85686"
"T227483","35","475289"
"N031194","29","86582"
"T001870","4","43475"
"N025878","4","73764"
"T087509","13","675496"
"T178561","11","90728"
"T175803","4","67625"
"T188376","10","47466"
"T137514","16","1093448"
"T113577","10","116802"
"W028812","4","128761"
"N005096","36","699682"
"T088108","13","466151"
"T026158","5","30196"
"N002632","17","120729"
"T147811","42","308324"
"T114616","20","149953"
"T096856","11","270975"
"T016530","4","65640"
"T138965","8","175192"
"T135988","13","49007"
"T113410","5","71735"
"T122632","6","120637"
"T110315","8","29854"
"T139262","24","1049202"
"T126073","8","134885"
"T116666","9","85686"
"T138966","12","263653"
"T150187","24","189544"
"T087009","23","67170"
"T100326","3","672133"
"T036373","5","118086"
"T137898","7","67900"
"T140791","7","87985"
"T071466","8","117628"
"T078960","26","82015"
"T125482","9","92969"
"W020738","4","17829"
"T134074","38","287693"
"T126647","8","471160"
"T106229","8","118597"
"N030249","16","67421"
"T070197","7","87688"
"T082483","18","169361"
"T068987","37","393951"
"T103821","24","681935"
"T095864","28","1098663"
"T036328","6","127061"
"T089051","11","180009"
"T117050","3","122281"
"T076181","12","93367"
"T078364","19","268819"
"T096514","5","29730"
"N008500","10","122840"
"N013277","5","137187"
"T187129","14","86084"
"T097875","13","139212"
"N055051","6","147561"
"T112946","13","1049435"
"N042026","82","1091451"
"T110897","4","66222"
"T113288","12","98206"
"T177640","19","278779"
"T117521","7","263326"
"T167543","8","146603"
"T136630","6","71476"
"T119954","11","86668"
"T167536","7","467378"
"N031583","34","680822"
"T139263","30","1059235"
"N005082","8","692496"
"T093947","29","124240"
"N015907","9","21962"
"T117521","24","263654"
"T162394","20","67782"
"T002896","10","125595"
"T100969","15","88303"
"N008549","4","42110"
"T113863","4","60357"
"N008499","10","117268"
"T117065","11","127905"
"T120079","6","66019"
"T138967","9","168578"
"T077044","14","65804"
"T138966","17","169283"
"T078977","5","117642"
"T114296","6","46086"
"T053216","14","262650"
"T087882","3","29193"
"T125191","8","68364"
"T089052","11","181527"
"N064140","33","711859"
"T039853","53","473328"
"T117650","3","66968"
"T142880","5","175315"
"T106655","11","116556"
"T062671","9","1064127"
"T113545","5","42933"
"T089046","10","288700"
"T077044","10","67221"
"T080888","23","65862"
"T145703","10","44972"
"T087461","12","144457"
"T138965","7","167892"
"T191010","4","47738"
"T118210","8","86756"
"T132025","6","103251"
"T070504","3","33327"
"T111487","10","198084"
"W031209","17","268772"
"W031209","22","289538"
"T130419","15","70294"
"N007469","13","182498"
"T073603","3","25806"
"T117050","11","118850"
"T053426","13","269993"
"T137810","9","86719"
"W031343","4","132458"
"N018351","10","90403"
"T059910","3","123636"
"T070505","6","65732"
"T036381","4","353472"
"N015698","5","118371"
"T066942","6","66348"
"T064483","7","134410"
"T110808","16","148042"
"T076290","6","66262"
"T146288","15","43687"
"T082469","9","117259"
"T143974","26","65803"
"T143317","7","117973"
"T195396","13","88969"
"T124249","17","1067853"
"W020610","15","66927"
"N025533","12","76067"
"T059481","8","96558"
"T124338","6","90310"
"N031194","13","87706"
"N025645","13","69081"
"T132304","9","65832"
"N029846","69","671218"
"T188378","14","42035"
"N008946","4","22054"
"T087511","16","675574"
"T107703","5","29423"
"P003193","7","264394"
"T102923","18","43211"
"T098030","10","22367"
"N004356","5","173860"
"T165661","18","118647"
"T052751","5","52592"
"T181119","12","677821"
"T052806","11","118624"
"N008164","7","128402"
"T111533","7","67987"
"T098080","10","29632"
"N038691","12","86815"
"N006586","13","68039"
"T055324","6","42136"
"T011083","3","16587"
"T065150","4","2945"
"T144425","18","140384"
"T059487","20","354789"
"T087513","9","675574"
"T145281","5","91111"
"T181440","9","89382"
"N046802","20","355206"
"T100650","3","27431"
"T190454","5","42481"
"T147159","12","278249"
"N027827","6","117223"
"N013484","10","42239"
"N024154","6","90550"
"T194614","7","89242"
"T147332","3","70158"
"T167193","38","678628"
"T211459","12","189833"
"N029506","8","44961"
"T090535","11","262273"
"P002221","6","19207"
"T113317","8","687220"
"N017626","12","29311"
"N046802","18","354724"
"N008914","5","29265"
"N031139","14","87622"
"T134349","6","70096"
"P003026","13","68110"
"T212965","9","269152"
"N031194","10","104890"
"T128773","6","66119"
"T230842","11","89242"
"W013398","12","127516"
"T139015","20","349800"
"T189423","7","66866"
"T123918","8","90726"
"P002947","9","42247"
"N031139","27","117203"
"N013488","21","66449"
"N019871","13","127494"
"T055334","5","168877"
"N031193","20","136852"
"N034900","14","67286"
"T053582","8","89213"
"T117778","37","478750"
"W020470","15","42668"
"N017387","9","85662"
"T118537","6","117907"
"N031193","13","123386"
"T152051","8","42771"
"T089029","14","65870"
"T093372","10","168333"
"N000827","7","65732"
"T147270","3","68706"
"T187082","7","65639"
"T136704","5","31563"
"T193565","5","66248"
"N017626","6","29776"
"N061349","3","65576"
"T138195","6","284229"
"N017081","8","87352"
"T052743","7","86794"
"T083278","7","45561"
"T039458","9","66334"
"T143096","11","1048903"
"T134585","7","687742"
"T089843","12","120767"
"W031873","17","671434"
"T072242","9","70240"
"T033489","19","71129"
"T168925","5","119900"
"T145358","17","674881"
"T052807","3","66845"
"T213387","6","88134"
"W031873","10","342650"
"T173043","11","42795"
"T137825","6","73195"
"T052807","5","30113"
"T213357","10","272236"
"T111039","5","67795"
"T200932","16","267708"
"W031873","28","671625"
"T098188","21","42298"
"T073590","3","30348"
"T194929","22","284525"
"T033489","6","48301"
"T213219","7","268011"
"T212986","5","122775"
"T213333","8","277372"
"T143096","25","1048876"
"T056600","13","29747"
"T100959","7","22785"
"T140912","10","100635"
"T128852","17","68958"
"T033489","38","68481"
"P006382","6","344469"
"T137661","11","117553"
"T089841","9","120743"
"T145358","24","1051768"
"T137665","24","117733"
"T212951","8","269862"
"P006583","46","70175"
"T213332","5","270622"
"T213355","10","284096"
"T213312","9","288364"
"T098545","5","90318"
"T097948","6","70523"
"T128775","30","66981"
"T136235","7","1369831"
"T143096","30","1048861"
"T056597","9","42582"
"T122593","13","118282"
"T213353","8","288310"
"T128417","9","67531"
"T098545","4","89031"
"T197023","5","265116"
"N003787","6","21862"
"T052756","7","86952"
"T213218","7","267611"
"T213335","16","274192"
"T133135","9","273146"
"T154317","6","190411"
"T128725","8","44412"
"N015723","5","173328"
"T128606","4","85934"
"T052807","6","5542"
"N005430","6","66654"
"N003787","5","22206"
"T118158","4","29290"
"T052746","8","89882"
"T097951","4","89027"
"T212983","8","122201"
"T155730","4","89227"
"T195142","7","489952"
"P002783","9","120802"
"T084863","13","98985"
"T092822","16","66714"
"P001772","6","264913"
"N024105","4","89486"
"T116308","15","89744"
"T127933","7","67850"
"T092451","4","66020"
"T213426","9","285623"
"P001858","8","66255"
"T133138","7","277323"
"P006064","7","266542"
"T136235","6","1049491"
"T128312","11","92822"
"T092820","17","66714"
"P001858","14","66255"
"P006382","18","264233"
"P006453","6","264680"
"T122593","14","66607"
"T212952","5","267704"
"N005430","40","67597"
"T212973","8","262974"
"T129528","14","43843"
"T094583","4","68568"
"N024133","4","90083"
"T013265","4","97319"
"T089137","9","68616"
"T128284","4","66390"
"T143097","33","320930"
"W032045","15","66332"
"T067389","4","66366"
"T125080","3","34421"
"W031873","14","671434"
"T032147","12","68506"
"T137423","4","86452"
"T145358","13","671797"
"T212968","12","267790"
"T213338","10","278173"
"N008071","16","21491"
"T133140","13","353712"
"T131836","9","272199"
"T131829","11","284516"
"T004772","7","37921"
"T213462","11","188321"
"T127510","9","71968"
"P006382","9","264172"
"T108739","7","87451"
"T213337","5","274192"
"T109764","6","22028"
"T145358","17","671495"
"T131830","12","276223"
"T213215","9","267001"
"T145358","19","671968"
"T097948","8","91888"
"T098542","8","69554"
"T088440","4","42638"
"T128524","5","67356"
"T212945","4","173471"
"T052807","17","66869"
"T039476","20","36648"
"W029727","15","171635"
"T016301","8","90281"
"T128899","14","73827"
"P003101","9","265135"
"T137768","15","37292"
"T213302","9","171853"
"T181064","5","265067"
"T133142","8","355187"
"T128852","10","68902"
"T052746","5","43227"
"T128868","8","87957"
"T128775","16","67758"
"W031873","4","173290"
"N003807","3","67302"
"N008984","9","87525"
"T131831","12","276223"
"T194929","18","262923"
"T213289","8","288388"
"T127932","43","288203"
"T005433","15","69086"
"T137768","3","71479"
"T128699","3","66089"
"T004948","16","67763"
"P006064","6","266681"
"N017023","8","87173"
"T135111","13","67821"
"T098543","8","88633"
"T107720","8","66209"
"T130366","12","66678"
"T129749","9","117847"
"T126667","43","169864"
"T130937","22","482160"
"T139823","6","43239"
"T091170","3","116685"
"T112654","10","635665"
"T090872","20","90995"
"T057760","4","127653"
"T127840","13","172714"
"N023467","21","70091"
"T092941","4","122044"
"N006778","9","70769"
"T054384","3","91737"
"T090871","18","96530"
"N023470","19","95024"
"T140250","7","86541"
"T131201","5","42885"
"T083778","19","471551"
"T126667","15","47023"
"T194580","22","69215"
"T135111","10","68581"
"T128942","13","67011"
"T138911","4","38015"
"T091175","13","120214"
"T005441","12","90619"
"T057768","4","178967"
"N023464","9","138209"
"T057766","4","127677"
"N023468","20","96530"
"N010257","22","183132"
"T123111","5","89851"
"T066922","11","67985"
"T097914","5","118371"
"T083829","10","49835"
"T052806","7","88175"
"N024109","6","95881"
"T001947","12","66047"
"T130366","7","67329"
"T121955","4","86472"
"T135385","16","42622"
"W029726","23","117276"
"T107378","11","116592"
"T125184","13","90242"
"W037277","9","86101"
"T120251","10","66020"
"T057323","7","78036"
"T060075","9","65626"
"T123809","4","117372"
"T141548","11","675967"
"N024109","4","88574"
"T098550","17","67818"
"T057333","5","21781"
"T133822","17","118965"
"T135509","5","65914"
"T089214","4","286011"
"T163762","10","85918"
"T153158","5","123860"
"T014718","5","42851"
"T075355","15","23972"
"T179447","4","14596"
"T064743","11","17171"
"T114274","8","43038"
"T202820","3","41060"
"T136475","7","65852"
"T088539","5","1881643"
"T128854","48","1435311"
"T101918","6","91583"
"T116655","44","1369840"
"P006051","25","263533"
"T129731","15","66425"
"T070090","7","29247"
"T052806","8","86163"
"T082916","13","128327"
"T055345","11","87690"
"T066931","14","43947"
"T116501","12","66213"
"N021226","16","16469"
"T134463","3","265095"
"T126076","7","22904"
"N041809","16","1050368"
"T084691","8","43484"
"N005136","14","78392"
"T097952","6","90297"
"T129419","7","118141"
"T097846","15","175980"
"T112211","8","67234"
"T014931","72","1435284"
"T076616","5","89650"
"T108917","14","67259"
"T005433","16","69086"
"T146067","5","43197"
"T058639","3","96509"
"T072189","14","42937"
"T132553","12","1050550"
"T089166","8","71580"
"N018947","9","86866"
"T138094","7","66447"
"T052747","15","87612"
"N020246","4","45066"
"T130366","9","66314"
"T068722","3","46628"
"T170346","12","127770"
"T052750","5","66248"
"T153926","57","520710"
"T139517","3","29961"
"T005460","14","89276"
"T068669","5","104037"
"T093372","55","343501"
"T120637","3","29260"
"T005440","6","30451"
"T131209","12","66449"
"T116942","3","66275"
"T179394","3","18297"
"T083277","5","45531"
"T170600","4","65635"
"T097943","4","102808"
"T147516","8","85795"
"T129040","21","42424"
"T083955","3","44024"
"T099061","6","46252"
"T114673","5","76245"
"T097949","7","90767"
"T083961","38","687620"
"T083967","17","86712"
"T059854","4","65586"
"T052755","9","90978"
"T039425","12","44249"
"T097990","9","85918"
"T118711","3","29325"
"T141030","25","95211"
"T123787","8","42741"
"T123111","5","89028"
"T133256","5","168176"
"T133822","9","118259"
"T117481","5","29424"
"T141030","15","87967"
"T098551","7","68688"
"T080464","7","68389"
"T149673","22","122890"
"T129169","22","87726"
"T107271","8","86500"
"T112957","16","131880"
"T059887","12","179023"
"T116502","7","66275"
"P006670","25","118587"
"T014800","5","44604"
"T132343","10","89377"
"T126250","4","90310"
"T064235","7","87649"
"T126667","26","169126"
"T076216","4","267226"
"T130933","35","692615"
"T139510","3","16940"
"T163971","4","22972"
"T132304","3","73243"
"T122020","11","88733"
"T119347","7","44608"
"T083955","17","87090"
"T138094","19","66166"
"T055330","8","66866"
"T134299","12","42371"
"T137671","6","65659"
"T014809","5","44827"
"T162231","17","43073"
"T121955","8","95744"
"T123112","8","89017"
"T063919","4","65664"
"T119321","9","68548"
"T131245","9","87337"
"T062640","14","73108"
"T120483","6","42025"
"T006265","7","80754"
"N000828","3","73219"
"T140266","19","65800"
"T061473","19","180697"
"T097950","7","90763"
"T098544","6","90844"
"T055907","6","42293"
"T188316","5","44652"
"T142205","11","67247"
"T187067","10","66648"
"T063646","5","29260"
"T087431","23","280565"
"T144661","16","68804"
"T089014","14","354498"
"T123886","5","85992"
"T086992","20","708047"
"T116696","32","499072"
"T172581","26","72808"
"T140250","24","117659"
"P006030","4","171097"
"N024820","13","95006"
"T089819","16","93420"
"T113554","5","516508"
"N021624","9","68198"
"T089013","6","86193"
"N040588","5","278133"
"T117003","5","86403"
"T134854","27","293408"
"T147122","15","351427"
"T101197","6","77118"
"N010965","5","86751"
"N023471","18","92730"
"N034005","5","66071"
"T085061","11","262432"
"N023466","19","92753"
"N004606","9","86210"
"P006030","3","170340"
"T142445","4","127653"
"T100328","3","30325"
"T147477","14","86467"
"N023465","10","139676"
"N023470","13","138222"
"W029054","5","91884"
"T057767","3","178970"
"N009579","4","49293"
"T081799","11","45139"
"T112654","20","1052225"
"N023468","8","138871"
"N023464","15","91906"
"T115436","5","76245"
"T127501","3","21593"
"T138529","6","124184"
"T042127","20","71354"
"T081094","17","42349"
"T129460","6","118371"
"T162144","29","708083"
"T079265","11","86349"
"T147522","6","43054"
"T121697","3","66616"
"T090308","7","66717"
"T113320","8","687328"
"T106246","4","729158"
"T066877","3","16472"
"T141030","4","86471"
"T138094","4","70480"
"T055357","14","117256"
"T118751","13","123052"
"T146764","11","67081"
"T145625","18","253539"
"T136385","4","120211"
"T089013","5","97083"
"T011885","13","87847"
"T120534","3","65640"
"T134883","14","76091"
"T127533","14","672275"
"T126210","6","71651"
"T126667","12","168406"
"T129626","10","65872"
"N003283","6","29219"
"T123427","7","66350"
"T055356","10","67672"
"W030579","4","66247"
"T089169","6","176128"
"T064729","18","44133"
"T085061","26","266695"
"T098543","4","89018"
"T131162","12","86253"
"T084382","7","133450"
"T101134","21","68649"
"T082916","17","87140"
"T059915","4","42023"
"N017023","10","67290"
"T130076","8","66075"
"T097939","11","90226"
"T089010","29","355077"
"W005517","6","86161"
"T081514","17","43773"
"T138680","5","30786"
"T110242","8","89178"
"T139515","3","29961"
"T067328","13","42464"
"T128986","6","87483"
"T166226","10","67439"
"T131103","22","43187"
"T098547","3","88295"
"T083957","8","342472"
"T064462","7","22499"
"T129708","13","76465"
"T119967","10","117811"
"T113570","5","673282"
"N027533","12","117865"
"T130887","8","46150"
"T055328","8","66939"
"T113815","7","67026"
"T154433","22","508145"
"T098535","6","86430"
"T146065","6","42965"
"N049135","16","67081"
"T124338","6","89242"
"T127514","4","42427"
"N003033","9","42027"
"T105845","9","87698"
"T092041","16","65898"
"T135673","11","89830"
"T101133","13","67798"
"T088703","18","342912"
"T136047","19","66373"
"T055340","5","66890"
"T123112","7","120358"
"T135914","7","1398884"
"T153155","4","172411"
"T194232","5","67234"
"T177738","8","87661"
"T142563","22","42286"
"T142068","8","710844"
"T141030","9","68058"
"T131089","20","43211"
"T146378","37","739822"
"T075339","15","92440"
"T089903","8","86817"
"T129198","11","676245"
"T097947","4","90398"
"T098582","7","44896"
"T087972","7","488703"
"T132237","13","42544"
"T096794","6","389866"
"T125932","7","89616"
"N000018","66","1435380"
"T183354","66","66960"
"T089013","4","96881"
"T093372","19","354808"
"N032457","6","29801"
"T132009","28","117061"
"T106078","3","117295"
"T057334","15","42143"
"T130887","7","65656"
"T092041","17","65898"
"T194327","7","67283"
"T002912","6","92721"
"T064734","13","43007"
"P001398","7","88284"
"T118097","5","86434"
"T052771","5","48595"
"T130270","16","42420"
"T135111","20","68637"
"T136481","6","85937"
"T071900","4","42035"
"N017082","14","118597"
"T055355","5","67899"
"T058986","18","85934"
"T020771","3","22458"
"W015326","5","43478"
"T097950","3","89018"
"T134888","7","89231"
"T130284","14","29281"
"T142950","25","191018"
"T084823","3","10598"
"T089025","4","42338"
"T082916","17","52808"
"N028118","7","87669"
"T127334","7","117258"
"T042127","5","69995"
"T146069","5","42752"
"T175139","7","91127"
"T123886","11","73119"
"T091507","13","29230"
"T059486","9","76587"
"T181020","7","85775"
"T135914","10","1377131"
"N031140","13","120746"
"T139228","20","1050450"
"N047276","12","42720"
"T200767","25","66019"
"T209736","10","119797"
"T134367","26","65832"
"T063449","9","95681"
"T185061","6","66451"
"N006789","30","1050084"
"T178907","4","87629"
"N024154","7","90874"
"N013497","21","86117"
"T138762","5","123884"
"T168390","15","66393"
"T164310","18","88684"
"T182767","45","1369747"
"N047967","3","67450"
"P006432","9","264588"
"T071316","19","89792"
"N019080","4","29642"
"N013221","4","65689"
"T001943","17","118937"
"T181121","16","18125"
"T225317","9","66496"
"T208539","6","22561"
"N008381","18","118274"
"T180032","14","262208"
"T089018","12","66566"
"T136376","6","89301"
"T174033","6","66053"
"T052742","22","124321"
"T051599","10","88028"
"T124338","4","89039"
"T144425","10","119100"
"T052806","10","88064"
"T219458","3","117511"
"T109414","36","66460"
"T001870","7","90043"
"N016879","7","50024"
"T175139","5","68524"
"N010112","5","66890"
"T210204","11","675598"
"T058984","11","85854"
"T212961","10","66251"
"T141099","3","90487"
"N031194","8","82189"
"N031140","7","86563"
"N018662","6","66534"
"N031139","6","85630"
"N025484","11","121568"
"N020345","10","89269"
"N031493","10","116847"
"T189352","12","67189"
"W020304","14","119304"
"N024154","5","89741"
"T168401","16","65934"
"T194614","4","89039"
"N013485","16","65910"
"T059494","8","96729"
"T089018","23","67613"
"N017381","13","359118"
"N025489","13","120767"
"T052742","15","118052"
"N017381","14","353420"
"N029225","4","66219"
"T168396","19","66371"
"N017379","26","355101"
"N004252","4","16468"
"T135109","7","66651"
"N032762","8","65633"
"T090859","8","168357"
"T106802","11","171150"
"N012724","17","36648"
"T134368","25","65820"
"N031193","10","117683"
"N005434","27","66519"
"N031139","15","85642"
"T119148","4","21857"
"T052742","13","84462"
"T194669","21","179579"
"T200766","25","65856"
"N019015","7","66288"
"T225630","22","180778"
"N015753","4","44801"
"T100891","4","33989"
"T141341","7","88282"
"N025900","12","85726"
"T106644","6","42562"
"T118781","17","42082"
"T005443","10","89287"
"T177358","3","21595"
"P003026","4","67283"
"T193565","11","36567"
"W020405","8","45312"
"T185819","14","265012"
"T180032","32","264097"
"N037186","4","68750"
"N031139","9","117191"
"T168401","16","65934"
"T060529","10","86869"
"T185041","9","53545"
"T118920","15","85786"
"T127544","25","169539"
"N017081","8","86792"
"T165015","3","87560"
"T119788","4","124184"
"T139513","3","29957"
"T113879","34","93258"
"T052763","8","174598"
"T180049","8","43805"
"T092823","8","43951"
"T195542","4","286309"
"T108917","7","66514"
"T139511","3","16871"
"T004460","8","471307"
"T185980","5","67210"
"N003253","10","68206"
"T133357","32","679117"
"T005435","3","42066"
"T087973","17","467826"
"T122025","14","358956"
"N002288","4","30232"
"T042127","21","87629"
"T055289","21","190120"
"T119390","12","42960"
"T170600","5","65890"
"T136481","8","86025"
"T143733","5","86085"
"T124906","5","88726"
"T133343","11","131429"
"W002813","7","73161"
"T121179","6","42097"
"T196417","8","86285"
"T115016","8","33953"
"P001997","15","344093"
"T093372","27","265863"
"T127429","33","393951"
"T097952","4","89021"
"T001943","8","87345"
"T097985","7","119869"
"T155479","26","116897"
"T120586","12","42777"
"T070737","10","65828"
"T058999","24","85925"
"T005447","11","90342"
"T145282","6","91111"
"T067328","6","66043"
"T102255","8","117979"
"T124915","3","34882"
"T090658","34","495583"
"N003624","7","50331"
"T122025","14","342537"
"T014808","6","69781"
"T101133","9","70163"
"T149869","8","42780"
"T013267","3","108717"
"T145750","3","91130"
"N005818","6","66631"
"T130076","3","66275"
"T128772","12","66447"
"P006051","11","263460"
"T118410","57","1049103"
"T194580","16","68699"
"T132227","4","88288"
"T143375","8","76319"
"T119424","9","90677"
"T097950","7","68568"
"T073500","5","43061"
"T116565","9","29820"
"T123770","8","65875"
"T014782","4","43182"
"T098551","20","44135"
"T096798","3","119682"
"T089132","16","89822"
"T082916","7","86134"
"T058983","12","90273"
"T055927","8","88482"
"T143374","10","73231"
"W023173","17","119286"
"W020674","8","43484"
"T082916","17","86875"
"T101133","8","69055"
"T175139","13","68595"
"T005463","19","88898"
"T089012","18","354747"
"W030890","5","63923"
"T101762","6","17367"
"T100452","3","26856"
"T005442","4","66322"
"T129708","7","96665"
"T097947","7","90792"
"T103848","4","86345"
"T203297","7","67671"
"T175139","11","67740"
"T107378","8","116592"
"T016298","12","89280"
"T136697","5","23703"
"T113971","30","473429"
"T135110","5","66642"
"T088614","3","76447"
"T117008","13","42527"
"N013641","5","44043"
"T076208","19","66221"
"T118919","15","65828"
"T119426","4","67931"
"T127543","15","675240"
"W008010","3","17486"
"N031670","6","16714"
"T089028","3","44087"
"T084693","3","21532"
"T117802","9","90698"
"T093363","6","29867"
"T097933","6","122625"
"T055288","19","172635"
"T134298","16","42305"
"T083955","7","82591"
"T058985","11","85854"
"T061516","9","86918"
"T118097","6","97253"
"T129465","5","42657"
"T140267","12","33587"
"T039427","4","67196"
"T001942","8","86740"
"T123962","37","708071"
"T130938","32","480765"
"T051598","10","42398"
"T058987","22","85918"
"T136465","12","65632"
"T060861","4","43009"
"T058980","21","85957"
"N015614","14","65934"
"T001941","7","86109"
"T063076","19","68637"
"N004379","16","29276"
"T141519","7","22504"
"T067326","13","42949"
"T055347","8","68990"
"T091560","25","466629"
"T139045","3","65689"
"T098543","8","90501"
"T091560","18","353163"
"T014919","6","43344"
"W020740","10","42779"
"T121955","6","86276"
"T124732","21","86804"
"T001944","11","120767"
"T128763","5","66089"
"T063076","18","67806"
"T083955","17","86825"
"T146074","4","48490"
"T147771","14","189416"
"T143374","4","86085"
"T031212","4","17505"
"T098544","3","89229"
"N001458","5","65912"
"T131244","8","86732"
"T136475","4","73219"
"T138676","3","17846"
"T133821","8","87345"
"N002062","16","67083"
"N017082","9","118226"
"T129564","7","66675"
"T116312","3","16646"
"T055338","6","66634"
"T089013","5","86477"
"N017160","6","68889"
"T163567","16","88703"
"T208775","9","66019"
"T126250","4","88230"
"N011095","4","32047"
"T129309","3","117057"
"T170346","3","118465"
"T141030","7","88839"
"T161242","8","42434"
"T057362","3","17239"
"T155479","24","118232"
"T120251","12","66210"
"N015638","4","29634"
"T139514","3","29945"
"T138679","7","30786"
"T092448","8","47792"
"T109847","6","32351"
"T110242","7","89125"
"T167933","5","86085"
"T055344","9","67965"
"T092818","15","119311"
"T200970","10","677261"
"T020775","3","22243"
"T063913","11","86638"
"T147088","10","50155"
"T116664","14","95857"
"N024109","7","91070"
"T072188","12","42913"
"T055927","12","69123"
"N002590","15","118663"
"T075813","11","89797"
"T136487","7","65875"
"T063076","8","68578"
"T135902","4","29535"
"N032695","3","22258"
"T090175","7","466174"
"T117178","4","30946"
"T090755","3","66981"
"T153474","6","29285"
"T001946","10","67247"
"T088676","25","294249"
"T005511","4","65744"
"T052744","4","96830"
"T055326","7","66909"
"T054002","6","89377"
"T082916","3","86277"
"T089019","11","74686"
"T195589","16","675496"
"T102386","4","76117"
"T202760","8","67944"
"T144002","21","182171"
"T098550","18","68649"
"T052750","24","65800"
"T001945","11","87321"
"T138528","6","124184"
"T098289","10","44056"
"T013273","12","66665"
"T145301","24","285442"
"T055360","11","66624"
"T135939","9","87355"
"T099889","6","29155"
"T076615","7","85709"
"T069881","28","67309"
"T052980","4","66896"
"T089383","4","67214"
"T110567","8","66125"
"T141030","5","84034"
"N028118","16","103644"
"T136482","6","43829"
"T108738","7","86480"
"N002691","7","67668"
"T131723","7","95946"
"T102254","5","66179"
"T145296","15","673324"
"T057374","13","43141"
"T099549","7","168909"
"T211455","20","66397"
"W020629","39","66460"
"T097950","6","90384"
"T047087","4","174598"
"P002772","13","170415"
"T119360","4","65639"
"T088944","3","9559"
"T120443","14","89278"
"T001942","14","67259"
"T067332","9","42066"
"T071900","9","42691"
"T113914","5","89759"
"N002589","16","118913"
"T144270","6","168322"
"T136384","7","87707"
"T098573","18","66419"
"T138094","8","65945"
"N013499","13","94087"
"T129279","16","43598"
"T123106","5","21798"
"T089166","6","268546"
"N032728","8","86796"
"T085692","28","688050"
"T136488","7","71048"
"T076615","8","89350"
"N014241","10","43659"
"T056854","8","42215"
"T010229","6","22581"
"T005440","7","44296"
"T098572","17","66417"
"T083929","12","672078"
"T153829","9","42663"
"T078351","6","46157"
"T072448","5","10593"
"T133821","17","118937"
"T057334","11","42173"
"T048931","12","149403"
"T083955","3","86227"
"T146068","4","42722"
"T075781","9","87345"
"T170346","15","118501"
"T114319","44","674249"
"T097949","4","89027"
"T071089","16","21491"
"T070716","4","31063"
"T146071","5","42740"
"T096380","6","42668"
"T075351","4","67965"
"T145434","14","29734"
"T089845","15","173364"
"N010144","7","16468"
"T117520","10","118107"
"T140250","12","119126"
"T083276","5","48843"
"N013222","4","42023"
"T116284","7","42254"
"T097949","5","89233"
"T210892","22","88971"
"T124617","4","29151"
"T132468","6","88288"
"T096228","5","66279"
"T139512","3","17010"
"T080887","29","65803"
"T141030","6","86114"
"T186175","23","65905"
"T014796","7","71702"
"T098575","4","88250"
"T116037","3","170343"
"N009437","25","72960"
"T133478","8","170970"
"T142883","5","42396"
"T119681","4","21833"
"T114124","8","30959"
"T089904","7","86303"
"N032594","10","42742"
"T080472","8","21576"
"T130957","13","65683"
"T113322","3","32915"
"T098551","9","43419"
"T136237","5","1048836"
"T098550","11","70175"
"T098571","10","43919"
"T068953","11","66039"
"T098575","5","90330"
"T097953","6","69059"
"T154629","7","73021"
"T117233","40","1864314"
"N035253","7","169906"
"T223043","17","168255"
"N036161","10","676827"
"T085457","7","29480"
"T063449","6","86577"
"T107852","14","78398"
"N008324","6","29169"
"T116650","67","1435380"
"T055349","9","67972"
"T073522","12","29241"
"P003219","9","171378"
"T128942","18","67732"
"T055331","7","66890"
"T089214","4","173347"
"T136374","6","87800"
"T055325","7","66890"
"T113319","8","687298"
"T142067","8","723677"
"T089842","18","173258"
"T123111","8","90894"
"N016002","10","21871"
"T052771","18","69521"
"N024074","10","87605"
"T095828","13","31224"
"T121685","7","177637"
"T116309","12","97589"
"T087438","14","262590"
"T116655","80","1435458"
"T064309","6","91563"
"T039438","4","67469"
"T167933","8","76369"
"T063449","4","86405"
"T089169","9","71668"
"T090766","17","168200"
"T129228","6","79559"
"T108363","5","43062"
"T077094","24","278261"
"T070726","13","68281"
"T089845","16","170222"
"T052806","3","126182"
"T126581","8","66498"
"T097953","9","90982"
"T116710","9","671187"
"T118059","74","1455385"
"T130956","29","65812"
"N041809","12","1051278"
"T140266","7","66690"
"T130284","14","29404"
"T138094","5","65930"
"T121955","6","86477"
"T147659","16","65941"
"T097898","5","1065053"
"T160961","19","117027"
"T194322","5","66433"
"T071894","6","29727"
"T139516","3","29957"
"T107731","15","67045"
"T106785","4","21845"
"T001944","8","86792"
"T083958","37","687620"
"T124732","15","86802"
"T144705","7","65806"
"T138956","4","73547"
"T089122","6","21434"
"T135111","10","68700"
"T110242","6","91138"
"T138787","6","116655"
"T099697","5","88481"
"T102924","19","43230"
"T076618","7","85709"
"T125611","7","33205"
"T075305","7","44947"
"T144798","20","29330"
"T204988","10","87555"
"T126974","11","90646"
"T055350","8","67988"
"T137812","7","87600"
"T005445","14","69433"
"T147289","4","73243"
"T055333","8","66890"
"T076793","7","85751"
"T144848","19","114865"
"T146480","3","29945"
"N005061","23","42996"
"T057310","12","85825"
"T165738","10","86382"
"T089022","7","44776"
"T082917","9","121243"
"T105846","15","92905"
"T116565","39","43720"
"T136696","5","23700"
"T092615","6","25082"
"T081037","13","18145"
"T014148","9","42520"
"T130937","29","304442"
"T132988","13","29707"
"T052806","12","86059"
"T133824","19","118913"
"T131199","8","85829"
"T131162","6","86053"
"T097952","7","88639"
"T113815","11","67470"
"N022464","9","475935"
"T073149","4","28710"
"N011488","3","30402"
"T146945","4","73223"
"T075779","7","42609"
"T064730","11","67981"
"T135288","10","72633"
"T123112","10","90015"
"N015145","5","22982"
"T114712","4","29281"
"T140268","8","66627"
"T052750","5","67430"
"T080887","17","67270"
"T183960","13","50038"
"T097920","6","117976"
"T092819","17","118271"
"T113816","4","65652"
"T127136","3","10541"
"T083099","5","66113"
"T134323","8","66161"
"T140250","20","136594"
"T101134","20","67818"
"T140266","4","66218"
"T060972","3","43115"
"T146397","5","117465"
"T076141","16","693182"
"T093023","4","682043"
"T033493","5","22378"
"T085446","3","33445"
"T108378","9","117454"
"T084688","8","43487"
"T108558","27","72844"
"T080552","6","70463"
"T089068","19","101416"
"T085284","48","124540"
"T144235","5","67634"
"N024238","4","43483"
"T072058","6","71712"
"T096444","10","42335"
"T090371","14","1049715"
"N062776","7","43838"
"T069887","26","66571"
"T119129","32","1114884"
"T069684","6","82664"
"T082963","5","67956"
"T179539","5","16970"
"T125073","26","68166"
"T076150","4","117676"
"T138749","7","128605"
"T142222","4","123341"
"T143734","5","86090"
"W028690","3","7395"
"T062644","3","42139"
"T135753","6","108293"
"T060293","18","31199"
"T081757","8","67691"
"T059394","11","42312"
"T027815","11","122203"
"T087609","5","66655"
"T131121","11","117847"
"N020520","12","71641"
"T033492","51","117068"
"T143732","4","86087"
"T033491","18","71062"
"T076150","12","172231"
"N020795","3","144431"
"T087628","5","68047"
"T204238","22","87318"
"T118055","14","121179"
"T042128","38","120875"
"T087496","10","675780"
"T147289","9","65884"
"T117087","9","30118"
"T083955","16","42617"
"T194580","10","68876"
"N000828","7","65836"
"T107122","6","65683"
"T139697","4","42023"
"T089840","18","173279"
"T052754","13","152987"
"T136487","4","73244"
"N002590","8","118282"
"T130870","5","29559"
"T126826","4","23001"
"T126265","8","17352"
"T097953","4","89490"
"T076618","8","89597"
"T001946","8","86752"
"T073514","6","16746"
"T119375","6","29656"
"T097952","9","90754"
"T119402","3","109584"
"T098575","7","89254"
"T084690","8","43508"
"N025911","15","117562"
"T097979","9","89202"
"T127416","6","29275"
"T099052","7","29736"
"T108074","7","42736"
"T097985","10","89985"
"T132714","8","73413"
"T134369","27","66132"
"T130941","17","240484"
"T097953","6","90769"
"T071552","10","87525"
"T059495","7","96729"
"T114274","7","42199"
"T070715","4","31639"
"N002589","7","87321"
"T055359","9","67656"
"T089844","11","120786"
"T128548","4","342672"
"T098532","4","66446"
"T076274","6","65650"
"T185280","10","70633"
"T194232","13","89169"
"T123916","11","89202"
"T101133","14","68637"
"T061472","20","180734"
"T064744","12","43723"
"T137625","8","42863"
"T089015","35","119680"
"T064731","7","43091"
"T110919","7","66320"
"T055351","9","67668"
"T144603","5","72818"
"T089903","13","67293"
"T118202","11","46082"
"T129143","19","118274"
"T129711","4","41997"
"T014794","6","69731"
"T124158","12","65910"
"T139028","10","86785"
"T107618","13","117135"
"T093372","21","471923"
"T125932","6","85721"
"T131194","5","65732"
"T147567","9","49402"
"W029949","5","44850"
"T060975","3","29318"
"T100482","7","66954"
"T126250","11","97473"
"T057339","3","16847"
"T130366","8","66308"
"N007985","3","121798"
"T077690","7","65820"
"T078377","7","66853"
"T127425","12","19874"
"T014919","5","43031"
"T141030","8","89879"
"T137814","7","87669"
"T167469","12","167871"
"T005458","17","173249"
"T048431","7","66164"
"T084695","4","29556"
"T126250","5","69175"
"T030818","5","21943"
"T016297","11","89378"
"T113895","17","42354"
"T128696","4","171931"
"T046910","4","9773"
"T163561","8","118333"
"T103077","4","94164"
"T113325","3","31328"
"T103843","4","86317"
"T134186","19","119959"
"T097947","7","89616"
"T052806","12","118643"
"T124424","10","29438"
"T136462","11","77496"
"T055341","6","66634"
"N025911","18","107364"
"T063076","9","68688"
"T146355","4","68498"
"T082736","3","5477"
"T108867","3","16498"
"T185929","5","185088"
"T061868","6","65683"
"T055288","13","117566"
"T085041","13","71811"
"T113412","13","87734"
"W030768","5","66748"
"T139823","9","42663"
"T127516","5","44063"
"T126285","4","120758"
"T123019","11","487663"
"T144082","19","68692"
"T119366","4","42033"
"N011469","19","170084"
"T052954","6","267584"
"T131244","13","119935"
"T088670","5","66191"
"T108738","12","86474"
"T043069","5","29202"
"N027112","4","22855"
"T021518","5","22182"
"T109404","9","67620"
"T105232","8","279994"
"T121455","6","66439"
"N001228","4","167938"
"T087409","4","22809"
"T077701","5","70475"
"T092944","4","29736"
"T105034","9","66990"
"T138626","5","187854"
"W029857","21","119961"
"T116224","11","66563"
"T096358","9","272336"
"T082959","9","67648"
"T194613","4","120788"
"T129696","3","66576"
"T109737","29","73801"
"T114826","4","33434"
"T131324","5","169885"
"T083091","7","125700"
"T109029","25","69525"
"T139680","5","117225"
"T078342","44","96402"
"T141578","19","87222"
"T122259","10","66995"
"T103704","6","265270"
"T100935","5","65884"
"T086336","5","70499"
"T129286","23","683445"
"T105563","10","349664"
"T122844","20","94633"
"T104963","3","67090"
"T126513","10","346467"
"T109257","31","67914"
"T146039","18","67057"
"N047526","4","169936"
"T033495","5","22404"
"T033488","58","117115"
"T123794","5","30928"
"T104992","7","67850"
"T136634","6","86792"
"T182001","6","66946"
"N028889","6","68271"
"T117456","10","72919"
"T033491","22","78690"
"T140185","3","50516"
"T099325","7","66250"
"T087612","5","66490"
"T125819","6","72070"
"T118080","19","92711"
"T105997","10","352622"
"W020630","18","281237"
"T143732","7","96545"
"T095378","19","73437"
"T085285","50","124351"
"T078036","5","90845"
"T133707","17","109534"
"T127785","10","88514"
"T063979","5","43087"
"T109413","10","42235"
"T095745","18","46354"
"T033492","22","71483"
"T100702","48","42141"
"T093949","46","350712"
"T104551","5","29721"
"T095348","9","118558"
"T104975","6","66678"
"T137670","9","66849"
"T124827","16","16745"
"T136145","6","313747"
"T144137","8","86151"
"N003066","11","273026"
"T086311","4","21441"
"N041761","3","3283"
"T104550","4","66366"
"T056148","6","86423"
"N009232","4","265269"
"T093612","6","66716"
"T124127","5","66813"
"T076139","14","171493"
"T138973","6","72256"
"T069877","27","66595"
"T199881","3","102770"
"T140640","16","342471"
"T118358","5","16871"
"T155624","19","66595"
"T136966","10","263755"
"N023195","7","92556"
"T076139","4","170511"
"N020936","11","134220"
"T093024","12","1088544"
"T104807","10","74262"
"T141285","4","66958"
"T179629","19","67104"
"T068337","5","69331"
"T033495","18","76428"
"N002452","10","128590"
"T146763","15","67081"
"T016529","4","82076"
"T108878","16","66645"
"T093956","39","186230"
"T133707","17","292505"
"T096358","5","176371"
"T181152","3","170657"
"T131324","5","264342"
"T105829","5","263538"
"T050640","3","33386"
"T124020","3","90908"
"T074549","5","263985"
"T121512","3","16783"
"T088272","3","66566"
"T109128","9","68179"
"T066965","3","10553"
"W020498","10","118388"
"T108102","8","29336"
"T125209","5","109241"
"T139679","21","1079105"
"T127508","6","146067"
"T086645","3","89720"
"T098949","4","133263"
"T107710","7","67261"
"T093295","8","169242"
"T031439","4","16466"
"T133485","3","181681"
"T069878","26","66940"
"T092817","7","43094"
"T110612","28","66595"
"T137894","4","42796"
"T133993","10","65947"
"T114187","4","117100"
"T147377","5","263564"
"T136484","26","42268"
"N008419","4","117056"
"T126844","5","74001"
"T014855","5","170733"
"T086661","5","70475"
"T126228","8","68360"
"T105397","5","280872"
"T105453","12","88124"
"T134007","12","150415"
"T103080","27","86483"
"T231602","9","266911"
"T147628","14","179115"
"T111258","16","83417"
"T146043","19","67716"
"T080488","6","90867"
"T108878","9","66430"
"T069880","25","66983"
"T087611","5","66811"
"T017973","6","46300"
"N024297","4","66609"
"T086036","4","88720"
"T101148","14","117327"
"T086521","4","82588"
"T089755","11","674079"
"T090744","24","1122244"
"T131696","6","130281"
"T105886","16","73657"
"T127942","5","67050"
"T155626","26","67244"
"T089067","19","101373"
"T097458","4","43337"
"T096734","22","118641"
"T028369","6","10577"
"T083061","37","42411"
"T096681","9","67098"
"T103080","7","88255"
"T101148","7","86695"
"T121928","9","96539"
"T097496","16","21739"
"T104963","3","66912"
"T097190","3","6101"
"W021310","8","22456"
"T088347","12","65842"
"T149669","4","72946"
"T109659","10","180755"
"T107488","10","66485"
"T122387","7","43118"
"T107765","5","30039"
"T093632","7","86711"
"T108835","31","73758"
"T098466","9","16796"
"T168711","7","86368"
"T085284","23","131935"
"T163094","12","70820"
"T091156","3","676550"
"T170112","3","29827"
"T126513","12","344031"
"T096439","8","42335"
"T133707","14","127855"
"T150067","4","23304"
"T108866","20","43438"
"T064463","6","22267"
"T068294","10","22042"
"T141113","39","1186574"
"T192657","5","88884"
"T033490","16","66031"
"T082029","6","68271"
"T066617","6","65672"
"T086224","8","137640"
"T090661","9","67068"
"T131332","3","127293"
"T070420","9","85795"
"T064676","3","22087"
"T136466","14","76107"
"T228009","10","106515"
"T104635","7","43706"
"T127850","13","128171"
"T069884","26","66904"
"T140744","8","95225"
"T146740","14","88238"
"T104958","7","66410"
"T088924","11","118406"
"T085757","6","117891"
"T087404","5","43033"
"T127850","13","195718"
"T223287","4","30471"
"T119341","5","44325"
"T033494","19","73244"
"T096099","4","43712"
"T098678","25","684161"
"T088925","10","118406"
"T117418","6","42949"
"T090752","4","50692"
"T060863","4","115018"
"T069674","4","82670"
"T143316","6","117979"
"T146037","16","67081"
"N024238","5","30446"
"T093337","13","34674"
"T081761","5","66432"
"T105829","5","169166"
"T093336","11","34654"
"T032121","17","172188"
"T144341","7","86374"
"W029947","21","86404"
"T086660","9","121989"
"T149930","5","67413"
"T146761","15","67081"
"W028701","7","22456"
"T141230","23","140879"
"T121726","20","73520"
"T087411","4","36995"
"T116181","11","66985"
"T122373","6","16969"
"W028659","8","88598"
"T122388","16","66393"
"T104019","3","70461"
"T123454","9","1057060"
"T025514","7","470492"
"T101685","5","67495"
"T100368","7","270950"
"T055476","6","66946"
"T085285","5","32753"
"T067802","9","22054"
"N011095","4","33498"
"T121838","11","67001"
"T111592","12","676674"
"T143711","10","116768"
"N004428","28","72820"
"T095116","23","94264"
"T136855","4","42955"
"T033487","22","70660"
"T119327","9","89049"
"T027324","5","170486"
"T119955","8","117848"
"W020778","4","89901"
"T076150","3","119384"
"N034578","8","118515"
"T076139","5","118597"
"T144065","6","295540"
"T112796","14","23609"
"T078350","12","71645"
"T136739","9","76866"
"T097496","7","21803"
"N062776","5","30034"
"T147083","6","54656"
"N024143","4","66761"
"T079382","4","82299"
"T104606","4","66647"
"T033494","6","32855"
"T048431","10","82084"
"T116652","31","1864151"
"T139130","3","29304"
"T119423","3","31708"
"T116650","41","1369856"
"T097985","8","88987"
"T075351","8","68990"
"T124338","8","90507"
"T090657","38","469023"
"T029184","3","22842"
"T118059","39","1369747"
"T084694","3","21544"
"T130284","6","29284"
"T059484","7","96630"
"N019020","11","86553"
"T143733","9","73231"
"T116651","12","1869501"
"N013961","9","88059"
"N005887","11","73184"
"T223159","8","85944"
"N016021","14","68791"
"N028409","39","692638"
"T198222","15","184596"
"N068894","38","85684"
"T107622","12","29638"
"N009443","48","127577"
"T089167","5","263232"
"N006789","24","1048759"
"T103081","21","86533"
"T114880","35","263139"
"T082190","11","347584"
"T165811","15","1376942"
"T095155","5","29664"
"T100247","9","92748"
"T132961","7","83711"
"T078370","7","118388"
"N000734","16","42032"
"T099699","14","71570"
"T039856","19","681747"
"T078974","8","117625"
"T110281","5","110238"
"T098604","12","169117"
"T139682","5","120442"
"T137074","11","127812"
"T119001","48","1060433"
"T187076","11","117303"
"N017020","3","123060"
"T078962","30","102110"
"N008499","7","151837"
"T001826","3","10556"
"T116651","29","1435323"
"T083917","18","1049918"
"T057757","5","127653"
"T180336","27","87927"
"T055358","6","67898"
"T055346","9","67671"
"N006152","9","22054"
"T097935","5","122603"
"T106784","4","21845"
"T083414","21","66409"
"N025878","4","85971"
"N064818","8","66132"
"N009443","21","122996"
"T136387","16","119033"
"T153955","12","76114"
"N031139","12","120758"
"W020136","3","273337"
"T013713","3","26092"
"T072763","11","68751"
"T153487","6","485056"
"N023465","16","94228"
"N037344","15","92730"
"T050197","4","23893"
"T089820","16","93267"
"T096681","20","66704"
"T116402","3","13230"
"T114601","28","117738"
"T116529","10","89010"
"T090756","3","50692"
"T082718","7","66432"
"T127810","8","66432"
"T085757","9","134644"
"T031153","5","16951"
"T125071","11","118406"
"T039426","9","22167"
"T060070","10","121965"
"T103645","6","52595"
"T153415","6","281656"
"T101148","13","86198"
"T136466","4","44699"
"T081756","9","66432"
"W037814","12","68840"
"T109818","10","68799"
"T095378","8","67068"
"T067291","3","43427"
"N030205","5","72861"
"N002681","22","139851"
"T096562","3","88458"
"T089394","4","67165"
"T027324","7","68150"
"T124541","13","1050747"
"T121726","9","67068"
"T033491","36","68462"
"T143192","5","66551"
"T143364","20","118622"
"T119299","18","118259"
"T087410","4","36995"
"T103775","5","73829"
"T146042","14","67740"
"T033493","52","127577"
"T079294","4","82280"
"T082093","14","16974"
"T121822","6","123833"
"T076624","4","82268"
"T109727","4","66977"
"N033212","11","262799"
"T133492","6","42955"
"T069879","25","66940"
"T113390","10","185881"
"N024143","6","67082"
"T109419","5","125398"
"T033488","25","122555"
"T124020","5","87073"
"T119693","3","42140"
"T128120","5","139005"
"T067801","10","22054"
"T083087","10","266908"
"T109129","35","43568"
"T081517","13","678382"
"T077429","5","70675"
"T120761","9","90323"
"T083061","11","42493"
"T136970","21","139851"
"T136138","4","167954"
"T095831","4","315472"
"T080460","14","65953"
"T138973","16","117583"
"T110948","10","124520"
"T066617","16","85886"
"T130256","24","683634"
"T143734","11","76390"
"T219164","8","43033"
"T104512","6","16871"
"T106031","6","187195"
"T117417","6","42946"
"T123794","6","43179"
"T143829","8","73091"
"T185378","7","42655"
"T109752","24","117687"
"T076151","18","691607"
"T055763","13","124196"
"T077705","6","121965"
"T210889","4","43464"
"T010140","6","22174"
"T101438","3","66657"
"T115861","6","67923"
"N006445","11","96803"
"T137207","9","65776"
"T153415","6","264007"
"T092070","4","723787"
"T139207","5","42333"
"T140297","4","66712"
"T110238","6","42780"
"T114028","7","176400"
"T064696","5","16502"
"T095113","20","88006"
"T146033","18","66062"
"T105003","3","119200"
"T033490","18","65738"
"T116143","5","66435"
"T093632","5","68355"
"N005921","9","66976"
"T133492","6","30928"
"T099735","3","266605"
"T119392","4","67536"
"T107377","8","172348"
"T077707","85","180329"
"T069882","23","67768"
"T101148","11","86173"
"T107833","12","722372"
"T138677","5","32619"
"T047624","13","4639"
"W032014","8","30931"
"T146038","15","67057"
"T129459","18","118893"
"T097900","12","169975"
"T077706","5","70463"
"T185378","7","42679"
"T062164","7","42074"
"T104656","5","117203"
"T117414","6","30078"
"T027442","9","476707"
"T142219","3","97324"
"T062071","12","71350"
"N000018","32","1369840"
"T140266","7","67913"
"T066881","6","42047"
"T101134","10","68809"
"T014931","38","1369747"
"T117233","73","1435299"
"T116652","47","1929947"
"T128854","27","1874765"
"T138194","29","287811"
"T200970","10","677324"
"T102921","22","43211"
"T134909","6","123870"
"T045406","5","21826"
"T085489","5","17560"
"T062622","15","41969"
"T078394","9","197299"
"N027830","4","58819"
"T098677","11","72367"
"T137633","3","86124"
"T092241","7","123019"
"T123776","4","66491"
"T129349","17","118255"
"T132872","3","42882"
"T087408","4","30930"
"N008141","20","42383"
"T116494","6","67345"
"T067782","3","66664"
"T033490","32","65903"
"T095096","10","1089024"
"T069885","26","66809"
"T123215","10","117823"
"T063979","6","31042"
"T113023","5","126614"
"N047526","5","264382"
"T117663","9","127738"
"T137670","3","69407"
"T104023","5","71528"
"T092835","16","95326"
"N030854","7","128739"
"T100316","21","86432"
"T130099","6","71313"
"N008204","4","183365"
"T126513","5","263684"
"T129430","17","22229"
"T085895","4","116973"
"T093024","22","1393398"
"T069886","22","66964"
"T109491","16","117256"
